{"loss/train_iter":2.380626916885376,"_wandb":{"runtime":45},"host_mem_percent":16.2,"lr":1.8277026628821246e-09,"loss/train_eval":2.366789448261261,"loss/gap(train-val)":-0.012489223480224965,"_runtime":45,"_step":100,"iter":999,"loss/val":2.3792786717414858,"num_params":1206016,"gpu_mem_bytes":36506112,"_timestamp":1.7616271550856035e+09}