{"loss/val":2.2608712553977965,"loss/train_eval":2.2219417691230774,"iter":999,"_wandb":{"runtime":50},"loss/train_iter":2.207852602005005,"host_mem_percent":17,"_step":100,"_timestamp":1.7616277654360652e+09,"lr":1.8277026628821246e-09,"gpu_mem_bytes":79289856,"num_params":4771328,"loss/gap(train-val)":-0.03892948627471915,"_runtime":50}