{"loss/train_eval":2.0318620979785917,"host_mem_percent":16.9,"_wandb":{"runtime":97},"iter":1999,"loss/train_iter":2.139761447906494,"num_params":1206016,"_step":200,"gpu_mem_bytes":36655616,"_timestamp":1.7616276542656083e+09,"loss/gap(train-val)":-0.04697936177253759,"lr":4.100942722740086e-10,"loss/val":2.0788414597511293,"_runtime":97}