{"gpu_mem_bytes":36655616,"_wandb":{"runtime":95},"lr":4.100942722740086e-10,"_step":200,"_timestamp":1.7616275521401725e+09,"loss/val":1.994630467891693,"host_mem_percent":16.5,"loss/train_eval":1.9163868069648742,"loss/gap(train-val)":-0.07824366092681889,"num_params":1206016,"iter":1999,"_runtime":95,"loss/train_iter":2.0045812129974365}